Experiment,Location,Temperature,Depth,Bottle,Timepoint,Treatment,Target_DOC_Amendment,Inoculum_L,Media_L,Datetime,TOC_Sample,Parallel_Sample,Cell_Sample,DNA_Sample,hours,days,cells,ln_cells,diff_ln_cells,exp_start,exp_end,ln_cells_exp_start,ln_cells_exp_end,cells_exp_start,cells_exp_end,days_exp_start,days_exp_end,mew,doubling,delta_cells,bc,delta_bc,ave_bc,sd_bc,ave_mew,sd_mew,ave_doubling,sd_doubling,ave_delta_cells,sd_delta_cells,ave_delta_bc,sd_delta_bc,ave_lag,sd_lag
144L_2018,Campus Point,20,1,A,0,Control,0,1.5,3.5,2018-10-15T16:30:00Z,TRUE,TRUE,TRUE,TRUE,0,0,332531521.981644,19.62224521651898,0,1,3,20.076893695685772,20.625651747107273,523943124.668706,906998856.298991,0.6458333333333334,1.6458333333333333,0.5487580514215012,1.263119837174906,574467334.317347,0.83132880495411,1.4361683357933677,0.9022186748269813,0.10025341540907842,0.539028197833389,0.010011936744030126,1.2863392014778046,0.023892528755133417,444532266.97315305,133702081.25955524,1.1113306674328827,0.33425520314888807,0.6458333333333334,0
144L_2018,Campus Point,20,1,A,1,Control,0,1.5,3.5,2018-10-16T08:00:00Z,FALSE,FALSE,TRUE,FALSE,15.5,0.6458333333333334,523943124.668706,20.076893695685772,0.4546484791667922,1,3,20.076893695685772,20.625651747107273,523943124.668706,906998856.298991,0.6458333333333334,1.6458333333333333,0.5487580514215012,1.263119837174906,574467334.317347,1.309857811671765,1.4361683357933677,1.3301541391070288,0.028703341525315163,0.539028197833389,0.010011936744030126,1.2863392014778046,0.023892528755133417,444532266.97315305,133702081.25955524,1.1113306674328827,0.33425520314888807,0.6458333333333334,0
144L_2018,Campus Point,20,1,A,2,Control,0,1.5,3.5,2018-10-16T20:00:00Z,FALSE,FALSE,TRUE,FALSE,27.5,1.1458333333333333,859019934.192826,20.571302685957296,0.4944089902715234,1,3,20.076893695685772,20.625651747107273,523943124.668706,906998856.298991,0.6458333333333334,1.6458333333333333,0.5487580514215012,1.263119837174906,574467334.317347,2.147549835482065,1.4361683357933677,1.9535756896271574,0.274320867817747,0.539028197833389,0.010011936744030126,1.2863392014778046,0.023892528755133417,444532266.97315305,133702081.25955524,1.1113306674328827,0.33425520314888807,0.6458333333333334,0
144L_2018,Campus Point,20,1,A,3,Control,0,1.5,3.5,2018-10-17T08:00:00Z,FALSE,FALSE,TRUE,FALSE,39.5,1.6458333333333333,906998856.298991,20.625651747107273,0.05434906114997773,1,3,20.076893695685772,20.625651747107273,523943124.668706,906998856.298991,0.6458333333333334,1.6458333333333333,0.5487580514215012,1.263119837174906,574467334.317347,2.2674971407474773,1.4361683357933677,2.3515190955670278,0.11882498804290735,0.539028197833389,0.010011936744030126,1.2863392014778046,0.023892528755133417,444532266.97315305,133702081.25955524,1.1113306674328827,0.33425520314888807,0.6458333333333334,0
144L_2018,Campus Point,20,1,A,4,Control,0,1.5,3.5,2018-10-17T20:00:00Z,TRUE,TRUE,TRUE,TRUE,51.5,2.1458333333333335,933025234.447921,20.65394280501384,0.02829105790656783,1,3,20.076893695685772,20.625651747107273,523943124.668706,906998856.298991,0.6458333333333334,1.6458333333333333,0.5487580514215012,1.263119837174906,574467334.317347,2.332563086119803,1.4361683357933677,2.5494210167950264,0.3066834266690657,0.539028197833389,0.010011936744030126,1.2863392014778046,0.023892528755133417,444532266.97315305,133702081.25955524,1.1113306674328827,0.33425520314888807,0.6458333333333334,0
144L_2018,Campus Point,20,1,A,5,Control,0,1.5,3.5,2018-10-18T08:00:00Z,FALSE,FALSE,TRUE,FALSE,63.5,2.6458333333333335,861129087.075272,20.57375497807078,-0.08018782694306026,1,3,20.076893695685772,20.625651747107273,523943124.668706,906998856.298991,0.6458333333333334,1.6458333333333333,0.5487580514215012,1.263119837174906,574467334.317347,2.15282271768818,1.4361683357933677,2.3478149122194525,0.2757606060630187,0.539028197833389,0.010011936744030126,1.2863392014778046,0.023892528755133417,444532266.97315305,133702081.25955524,1.1113306674328827,0.33425520314888807,0.6458333333333334,0
144L_2018,Campus Point,20,1,A,6,Control,0,1.5,3.5,2018-10-18T20:00:00Z,FALSE,FALSE,TRUE,FALSE,75.5,3.1458333333333335,798345826.604805,20.498052428210556,-0.07570254986022462,1,3,20.076893695685772,20.625651747107273,523943124.668706,906998856.298991,0.6458333333333334,1.6458333333333333,0.5487580514215012,1.263119837174906,574467334.317347,1.9958645665120125,1.4361683357933677,2.2729717175930437,0.3918886912893646,0.539028197833389,0.010011936744030126,1.2863392014778046,0.023892528755133417,444532266.97315305,133702081.25955524,1.1113306674328827,0.33425520314888807,0.6458333333333334,0
144L_2018,Campus Point,20,1,A,7,Control,0,1.5,3.5,2018-10-19T08:00:00Z,FALSE,FALSE,TRUE,FALSE,87.5,3.6458333333333335,818468442.863937,20.52294539919279,0.024892970982232754,1,3,20.076893695685772,20.625651747107273,523943124.668706,906998856.298991,0.6458333333333334,1.6458333333333333,0.5487580514215012,1.263119837174906,574467334.317347,2.0461711071598425,1.4361683357933677,2.1818557858700736,0.19188711283824503,0.539028197833389,0.010011936744030126,1.2863392014778046,0.023892528755133417,444532266.97315305,133702081.25955524,1.1113306674328827,0.33425520314888807,0.6458333333333334,0
144L_2018,Campus Point,20,1,A,8,Control,0,1.5,3.5,2018-10-19T20:00:00Z,TRUE,TRUE,TRUE,TRUE,99.5,4.145833333333333,967204147.775264,20.689920145691627,0.1669747464988376,1,3,20.076893695685772,20.625651747107273,523943124.668706,906998856.298991,0.6458333333333334,1.6458333333333333,0.5487580514215012,1.263119837174906,574467334.317347,2.4180103694381603,1.4361683357933677,2.2426861895482926,0.24794583301219117,0.539028197833389,0.010011936744030126,1.2863392014778046,0.023892528755133417,444532266.97315305,133702081.25955524,1.1113306674328827,0.33425520314888807,0.6458333333333334,0
144L_2018,Campus Point,20,1,B,0,Control,0,1.5,3.5,2018-10-15T16:30:00Z,TRUE,TRUE,TRUE,TRUE,0,0,389243417.879941,19.77971545878574,0,1,2,20.10741332078438,20.37206249290702,540180186.616917,703840617.5089,0.6458333333333334,1.1458333333333333,0.5292983442452767,1.309558565780703,314597199.62895906,0.9731085446998525,0.7864929990723977,0.9022186748269813,0.10025341540907842,0.539028197833389,0.010011936744030126,1.2863392014778046,0.023892528755133417,444532266.97315305,133702081.25955524,1.1113306674328827,0.33425520314888807,0.6458333333333334,0
144L_2018,Campus Point,20,1,B,1,Control,0,1.5,3.5,2018-10-16T08:00:00Z,FALSE,FALSE,TRUE,FALSE,15.5,0.6458333333333334,540180186.616917,20.10741332078438,0.32769786199864015,1,2,20.10741332078438,20.37206249290702,540180186.616917,703840617.5089,0.6458333333333334,1.1458333333333333,0.5292983442452767,1.309558565780703,314597199.62895906,1.3504504665422925,0.7864929990723977,1.3301541391070288,0.028703341525315163,0.539028197833389,0.010011936744030126,1.2863392014778046,0.023892528755133417,444532266.97315305,133702081.25955524,1.1113306674328827,0.33425520314888807,0.6458333333333334,0
144L_2018,Campus Point,20,1,B,2,Control,0,1.5,3.5,2018-10-16T20:00:00Z,FALSE,FALSE,TRUE,FALSE,27.5,1.1458333333333333,703840617.5089,20.37206249290702,0.2646491721226383,1,2,20.10741332078438,20.37206249290702,540180186.616917,703840617.5089,0.6458333333333334,1.1458333333333333,0.5292983442452767,1.309558565780703,314597199.62895906,1.75960154377225,0.7864929990723977,1.9535756896271574,0.274320867817747,0.539028197833389,0.010011936744030126,1.2863392014778046,0.023892528755133417,444532266.97315305,133702081.25955524,1.1113306674328827,0.33425520314888807,0.6458333333333334,0
144L_2018,Campus Point,20,1,B,3,Control,0,1.5,3.5,2018-10-17T08:00:00Z,FALSE,FALSE,TRUE,FALSE,39.5,1.6458333333333333,974216420.154631,20.697144034208666,0.3250815413016461,1,2,20.10741332078438,20.37206249290702,540180186.616917,703840617.5089,0.6458333333333334,1.1458333333333333,0.5292983442452767,1.309558565780703,314597199.62895906,2.4355410503865778,0.7864929990723977,2.3515190955670278,0.11882498804290735,0.539028197833389,0.010011936744030126,1.2863392014778046,0.023892528755133417,444532266.97315305,133702081.25955524,1.1113306674328827,0.33425520314888807,0.6458333333333334,0
144L_2018,Campus Point,20,1,B,4,Control,0,1.5,3.5,2018-10-17T20:00:00Z,TRUE,TRUE,TRUE,TRUE,51.5,2.1458333333333335,1106511578.9881,20.824478181917662,0.12733414770899643,1,2,20.10741332078438,20.37206249290702,540180186.616917,703840617.5089,0.6458333333333334,1.1458333333333333,0.5292983442452767,1.309558565780703,314597199.62895906,2.76627894747025,0.7864929990723977,2.5494210167950264,0.3066834266690657,0.539028197833389,0.010011936744030126,1.2863392014778046,0.023892528755133417,444532266.97315305,133702081.25955524,1.1113306674328827,0.33425520314888807,0.6458333333333334,0
144L_2018,Campus Point,20,1,B,5,Control,0,1.5,3.5,2018-10-18T08:00:00Z,FALSE,FALSE,TRUE,FALSE,63.5,2.6458333333333335,1017122842.7002901,20.740243736000885,-0.08423444591677764,1,2,20.10741332078438,20.37206249290702,540180186.616917,703840617.5089,0.6458333333333334,1.1458333333333333,0.5292983442452767,1.309558565780703,314597199.62895906,2.5428071067507254,0.7864929990723977,2.3478149122194525,0.2757606060630187,0.539028197833389,0.010011936744030126,1.2863392014778046,0.023892528755133417,444532266.97315305,133702081.25955524,1.1113306674328827,0.33425520314888807,0.6458333333333334,0
144L_2018,Campus Point,20,1,B,6,Control,0,1.5,3.5,2018-10-18T20:00:00Z,FALSE,FALSE,TRUE,FALSE,75.5,3.1458333333333335,1020031547.46963,20.743099392656095,0.002855656655210481,1,2,20.10741332078438,20.37206249290702,540180186.616917,703840617.5089,0.6458333333333334,1.1458333333333333,0.5292983442452767,1.309558565780703,314597199.62895906,2.550078868674075,0.7864929990723977,2.2729717175930437,0.3918886912893646,0.539028197833389,0.010011936744030126,1.2863392014778046,0.023892528755133417,444532266.97315305,133702081.25955524,1.1113306674328827,0.33425520314888807,0.6458333333333334,0
144L_2018,Campus Point,20,1,B,7,Control,0,1.5,3.5,2018-10-19T08:00:00Z,FALSE,FALSE,TRUE,FALSE,87.5,3.6458333333333335,927016185.832122,20.647481583822273,-0.09561780883382198,1,2,20.10741332078438,20.37206249290702,540180186.616917,703840617.5089,0.6458333333333334,1.1458333333333333,0.5292983442452767,1.309558565780703,314597199.62895906,2.317540464580305,0.7864929990723977,2.1818557858700736,0.19188711283824503,0.539028197833389,0.010011936744030126,1.2863392014778046,0.023892528755133417,444532266.97315305,133702081.25955524,1.1113306674328827,0.33425520314888807,0.6458333333333334,0
144L_2018,Campus Point,20,1,B,8,Control,0,1.5,3.5,2018-10-19T20:00:00Z,TRUE,TRUE,TRUE,TRUE,99.5,4.145833333333333,826944803.86337,20.533248508152802,-0.11423307566947116,1,2,20.10741332078438,20.37206249290702,540180186.616917,703840617.5089,0.6458333333333334,1.1458333333333333,0.5292983442452767,1.309558565780703,314597199.62895906,2.067362009658425,0.7864929990723977,2.2426861895482926,0.24794583301219117,0.539028197833389,0.010011936744030126,1.2863392014778046,0.023892528755133417,444532266.97315305,133702081.25955524,1.1113306674328827,0.33425520314888807,0.6458333333333334,0
144L_2018,Campus Point,20,1,C,0,Ash Leachate,10,1.5,3.5,2018-10-15T16:30:00Z,TRUE,TRUE,TRUE,TRUE,0,0,336545307.786264,19.63424334222386,0,1,2,20.71961595104904,20.930439544194652,996356766.839788,1230196247.2266302,0.6458333333333334,1.1458333333333333,0.42164718629122444,1.6439032515710907,893650939.4403663,0.84136326946566,2.2341273486009157,0.8937220453952912,0.07404649102893844,0.32666228232225347,0.09773865984345358,2.3178835667603184,0.6935200228131282,899774217.8588086,6300801.511179153,2.249435544647022,0.015752003777947853,0.6458333333333334,0
144L_2018,Campus Point,20,1,C,1,Ash Leachate,10,1.5,3.5,2018-10-16T08:00:00Z,FALSE,FALSE,TRUE,FALSE,15.5,0.6458333333333334,996356766.839788,20.71961595104904,1.0853726088251783,1,2,20.71961595104904,20.930439544194652,996356766.839788,1230196247.2266302,0.6458333333333334,1.1458333333333333,0.42164718629122444,1.6439032515710907,893650939.4403663,2.49089191709947,2.2341273486009157,2.67525644327061,0.26073081333171555,0.32666228232225347,0.09773865984345358,2.3178835667603184,0.6935200228131282,899774217.8588086,6300801.511179153,2.249435544647022,0.015752003777947853,0.6458333333333334,0
144L_2018,Campus Point,20,1,C,2,Ash Leachate,10,1.5,3.5,2018-10-16T20:00:00Z,FALSE,FALSE,TRUE,FALSE,27.5,1.1458333333333333,1230196247.2266302,20.930439544194652,0.21082359314561216,1,2,20.71961595104904,20.930439544194652,996356766.839788,1230196247.2266302,0.6458333333333334,1.1458333333333333,0.42164718629122444,1.6439032515710907,893650939.4403663,3.0754906180665755,2.2341273486009157,3.1431575900423128,0.09569554949280774,0.32666228232225347,0.09773865984345358,2.3178835667603184,0.6935200228131282,899774217.8588086,6300801.511179153,2.249435544647022,0.015752003777947853,0.6458333333333334,0
144L_2018,Campus Point,20,1,C,3,Ash Leachate,10,1.5,3.5,2018-10-17T08:00:00Z,FALSE,FALSE,TRUE,FALSE,39.5,1.6458333333333333,1302477953.6003702,20.98753440523002,0.05709486103536676,1,2,20.71961595104904,20.930439544194652,996356766.839788,1230196247.2266302,0.6458333333333334,1.1458333333333333,0.42164718629122444,1.6439032515710907,893650939.4403663,3.2561948840009256,2.2341273486009157,3.4919174971693128,0.33336211650075986,0.32666228232225347,0.09773865984345358,2.3178835667603184,0.6935200228131282,899774217.8588086,6300801.511179153,2.249435544647022,0.015752003777947853,0.6458333333333334,0
144L_2018,Campus Point,20,1,C,4,Ash Leachate,10,1.5,3.5,2018-10-17T20:00:00Z,TRUE,TRUE,TRUE,TRUE,51.5,2.1458333333333335,1371723383.87575,21.039333730672105,0.05179932544208654,1,2,20.71961595104904,20.930439544194652,996356766.839788,1230196247.2266302,0.6458333333333334,1.1458333333333333,0.42164718629122444,1.6439032515710907,893650939.4403663,3.4293084596893753,2.2341273486009157,3.318251927461688,0.15705765406652042,0.32666228232225347,0.09773865984345358,2.3178835667603184,0.6935200228131282,899774217.8588086,6300801.511179153,2.249435544647022,0.015752003777947853,0.6458333333333334,0
144L_2018,Campus Point,20,1,C,5,Ash Leachate,10,1.5,3.5,2018-10-18T08:00:00Z,FALSE,FALSE,TRUE,FALSE,63.5,2.6458333333333335,1374719189.12593,21.041515321117725,0.002181590445619719,1,2,20.71961595104904,20.930439544194652,996356766.839788,1230196247.2266302,0.6458333333333334,1.1458333333333333,0.42164718629122444,1.6439032515710907,893650939.4403663,3.4367979728148255,2.2341273486009157,3.4465598240299253,0.013805342382262515,0.32666228232225347,0.09773865984345358,2.3178835667603184,0.6935200228131282,899774217.8588086,6300801.511179153,2.249435544647022,0.015752003777947853,0.6458333333333334,0
144L_2018,Campus Point,20,1,C,6,Ash Leachate,10,1.5,3.5,2018-10-18T20:00:00Z,FALSE,FALSE,TRUE,FALSE,75.5,3.1458333333333335,1082805713.9993799,20.8028213927494,-0.23869392836832404,1,2,20.71961595104904,20.930439544194652,996356766.839788,1230196247.2266302,0.6458333333333334,1.1458333333333333,0.42164718629122444,1.6439032515710907,893650939.4403663,2.7070142849984498,2.2341273486009157,2.9079531566170873,0.28417047745102375,0.32666228232225347,0.09773865984345358,2.3178835667603184,0.6935200228131282,899774217.8588086,6300801.511179153,2.249435544647022,0.015752003777947853,0.6458333333333334,0
144L_2018,Campus Point,20,1,C,7,Ash Leachate,10,1.5,3.5,2018-10-19T08:00:00Z,FALSE,FALSE,TRUE,FALSE,87.5,3.6458333333333335,700633125.581658,20.367494949342227,-0.43532644340717397,1,2,20.71961595104904,20.930439544194652,996356766.839788,1230196247.2266302,0.6458333333333334,1.1458333333333333,0.42164718629122444,1.6439032515710907,893650939.4403663,1.751582813954145,2.2341273486009157,1.6696147350306825,0.11592036889522887,0.32666228232225347,0.09773865984345358,2.3178835667603184,0.6935200228131282,899774217.8588086,6300801.511179153,2.249435544647022,0.015752003777947853,0.6458333333333334,0
144L_2018,Campus Point,20,1,C,8,Ash Leachate,10,1.5,3.5,2018-10-19T20:00:00Z,TRUE,TRUE,TRUE,TRUE,99.5,4.145833333333333,269659900.08467805,19.4126720936468,-0.9548228556954257,1,2,20.71961595104904,20.930439544194652,996356766.839788,1230196247.2266302,0.6458333333333334,1.1458333333333333,0.42164718629122444,1.6439032515710907,893650939.4403663,0.6741497502116951,2.2341273486009157,0.7159128068560375,0.05906188111258487,0.32666228232225347,0.09773865984345358,2.3178835667603184,0.6935200228131282,899774217.8588086,6300801.511179153,2.249435544647022,0.015752003777947853,0.6458333333333334,0
144L_2018,Campus Point,20,1,D,0,Ash Leachate,10,1.5,3.5,2018-10-15T16:30:00Z,TRUE,TRUE,TRUE,TRUE,0,0,378432328.529969,19.75154782629701,0,1,2,20.857664192954164,20.973502882130806,1143848387.7767,1284329824.80722,0.6458333333333334,1.1458333333333333,0.23167737835328245,2.9918638819495458,905897496.277251,0.9460808213249224,2.2647437406931274,0.8937220453952912,0.07404649102893844,0.32666228232225347,0.09773865984345358,2.3178835667603184,0.6935200228131282,899774217.8588086,6300801.511179153,2.249435544647022,0.015752003777947853,0.6458333333333334,0
144L_2018,Campus Point,20,1,D,1,Ash Leachate,10,1.5,3.5,2018-10-16T08:00:00Z,FALSE,FALSE,TRUE,FALSE,15.5,0.6458333333333334,1143848387.7767,20.857664192954164,1.1061163666571545,1,2,20.857664192954164,20.973502882130806,1143848387.7767,1284329824.80722,0.6458333333333334,1.1458333333333333,0.23167737835328245,2.9918638819495458,905897496.277251,2.85962096944175,2.2647437406931274,2.67525644327061,0.26073081333171555,0.32666228232225347,0.09773865984345358,2.3178835667603184,0.6935200228131282,899774217.8588086,6300801.511179153,2.249435544647022,0.015752003777947853,0.6458333333333334,0
144L_2018,Campus Point,20,1,D,2,Ash Leachate,10,1.5,3.5,2018-10-16T20:00:00Z,FALSE,FALSE,TRUE,FALSE,27.5,1.1458333333333333,1284329824.80722,20.973502882130806,0.1158386891766412,1,2,20.857664192954164,20.973502882130806,1143848387.7767,1284329824.80722,0.6458333333333334,1.1458333333333333,0.23167737835328245,2.9918638819495458,905897496.277251,3.21082456201805,2.2647437406931274,3.1431575900423128,0.09569554949280774,0.32666228232225347,0.09773865984345358,2.3178835667603184,0.6935200228131282,899774217.8588086,6300801.511179153,2.249435544647022,0.015752003777947853,0.6458333333333334,0
144L_2018,Campus Point,20,1,D,3,Ash Leachate,10,1.5,3.5,2018-10-17T08:00:00Z,FALSE,FALSE,TRUE,FALSE,39.5,1.6458333333333333,1491056044.1350799,21.122750460309028,0.14924757817822254,1,2,20.857664192954164,20.973502882130806,1143848387.7767,1284329824.80722,0.6458333333333334,1.1458333333333333,0.23167737835328245,2.9918638819495458,905897496.277251,3.7276401103377,2.2647437406931274,3.4919174971693128,0.33336211650075986,0.32666228232225347,0.09773865984345358,2.3178835667603184,0.6935200228131282,899774217.8588086,6300801.511179153,2.249435544647022,0.015752003777947853,0.6458333333333334,0
144L_2018,Campus Point,20,1,D,4,Ash Leachate,10,1.5,3.5,2018-10-17T20:00:00Z,TRUE,TRUE,TRUE,TRUE,51.5,2.1458333333333335,1282878158.0936,20.972371951658467,-0.15037850865056157,1,2,20.857664192954164,20.973502882130806,1143848387.7767,1284329824.80722,0.6458333333333334,1.1458333333333333,0.23167737835328245,2.9918638819495458,905897496.277251,3.207195395234,2.2647437406931274,3.318251927461688,0.15705765406652042,0.32666228232225347,0.09773865984345358,2.3178835667603184,0.6935200228131282,899774217.8588086,6300801.511179153,2.249435544647022,0.015752003777947853,0.6458333333333334,0
144L_2018,Campus Point,20,1,D,5,Ash Leachate,10,1.5,3.5,2018-10-18T08:00:00Z,FALSE,FALSE,TRUE,FALSE,63.5,2.6458333333333335,1382528670.09801,21.047180029010484,0.07480807735201722,1,2,20.857664192954164,20.973502882130806,1143848387.7767,1284329824.80722,0.6458333333333334,1.1458333333333333,0.23167737835328245,2.9918638819495458,905897496.277251,3.456321675245025,2.2647437406931274,3.4465598240299253,0.013805342382262515,0.32666228232225347,0.09773865984345358,2.3178835667603184,0.6935200228131282,899774217.8588086,6300801.511179153,2.249435544647022,0.015752003777947853,0.6458333333333334,0
144L_2018,Campus Point,20,1,D,6,Ash Leachate,10,1.5,3.5,2018-10-18T20:00:00Z,FALSE,FALSE,TRUE,FALSE,75.5,3.1458333333333335,1243556811.29429,20.941241506769913,-0.10593852224057088,1,2,20.857664192954164,20.973502882130806,1143848387.7767,1284329824.80722,0.6458333333333334,1.1458333333333333,0.23167737835328245,2.9918638819495458,905897496.277251,3.1088920282357253,2.2647437406931274,2.9079531566170873,0.28417047745102375,0.32666228232225347,0.09773865984345358,2.3178835667603184,0.6935200228131282,899774217.8588086,6300801.511179153,2.249435544647022,0.015752003777947853,0.6458333333333334,0
144L_2018,Campus Point,20,1,D,7,Ash Leachate,10,1.5,3.5,2018-10-19T08:00:00Z,FALSE,FALSE,TRUE,FALSE,87.5,3.6458333333333335,635058662.442888,20.269227934389853,-0.6720135723800595,1,2,20.857664192954164,20.973502882130806,1143848387.7767,1284329824.80722,0.6458333333333334,1.1458333333333333,0.23167737835328245,2.9918638819495458,905897496.277251,1.58764665610722,2.2647437406931274,1.6696147350306825,0.11592036889522887,0.32666228232225347,0.09773865984345358,2.3178835667603184,0.6935200228131282,899774217.8588086,6300801.511179153,2.249435544647022,0.015752003777947853,0.6458333333333334,0
144L_2018,Campus Point,20,1,D,8,Ash Leachate,10,1.5,3.5,2018-10-19T20:00:00Z,TRUE,TRUE,TRUE,TRUE,99.5,4.145833333333333,303070345.40015197,19.529475499564782,-0.7397524348250712,1,2,20.857664192954164,20.973502882130806,1143848387.7767,1284329824.80722,0.6458333333333334,1.1458333333333333,0.23167737835328245,2.9918638819495458,905897496.277251,0.75767586350038,2.2647437406931274,0.7159128068560375,0.05906188111258487,0.32666228232225347,0.09773865984345358,2.3178835667603184,0.6935200228131282,899774217.8588086,6300801.511179153,2.249435544647022,0.015752003777947853,0.6458333333333334,0
144L_2018,Campus Point,20,1,E,0,Mud Leachate,10,1.5,3.5,2018-10-15T16:30:00Z,TRUE,TRUE,TRUE,TRUE,0,0,340956946.19767404,19.647266769791816,0,1,2,20.27014207041637,20.54034286029248,635639457.867743,832832300.7972469,0.6458333333333334,1.1458333333333333,0.5404015797522207,1.282652024958476,491875354.5995729,0.8523923654941851,1.2296883864989323,0.8483500325338138,0.0057167220961848245,0.6309998493075356,0.09322485027057685,1.1216121734605469,0.16570864010072756,528491341.8965764,37677540.09019307,1.3212283547414412,0.09419385022548266,0.6458333333333334,0
144L_2018,Campus Point,20,1,E,1,Mud Leachate,10,1.5,3.5,2018-10-16T08:00:00Z,FALSE,FALSE,TRUE,FALSE,15.5,0.6458333333333334,635639457.867743,20.27014207041637,0.6228753006245533,1,2,20.27014207041637,20.54034286029248,635639457.867743,832832300.7972469,0.6458333333333334,1.1458333333333333,0.5404015797522207,1.282652024958476,491875354.5995729,1.5890986446693576,1.2296883864989323,1.5812746843272676,0.011064750827252898,0.6309998493075356,0.09322485027057685,1.1216121734605469,0.16570864010072756,528491341.8965764,37677540.09019307,1.3212283547414412,0.09419385022548266,0.6458333333333334,0
144L_2018,Campus Point,20,1,E,2,Mud Leachate,10,1.5,3.5,2018-10-16T20:00:00Z,FALSE,FALSE,TRUE,FALSE,27.5,1.1458333333333333,832832300.7972469,20.54034286029248,0.2702007898761103,1,2,20.27014207041637,20.54034286029248,635639457.867743,832832300.7972469,0.6458333333333334,1.1458333333333333,0.5404015797522207,1.282652024958476,491875354.5995729,2.0820807519931175,1.2296883864989323,2.169578387275255,0.12374034249157348,0.6309998493075356,0.09322485027057685,1.1216121734605469,0.16570864010072756,528491341.8965764,37677540.09019307,1.3212283547414412,0.09419385022548266,0.6458333333333334,0
144L_2018,Campus Point,20,1,E,3,Mud Leachate,10,1.5,3.5,2018-10-17T08:00:00Z,FALSE,FALSE,TRUE,FALSE,39.5,1.6458333333333333,908466522.655965,20.62726859609125,0.0869257357987685,1,2,20.27014207041637,20.54034286029248,635639457.867743,832832300.7972469,0.6458333333333334,1.1458333333333333,0.5404015797522207,1.282652024958476,491875354.5995729,2.2711663066399126,1.2296883864989323,2.2622037207076326,0.012675010579364605,0.6309998493075356,0.09322485027057685,1.1216121734605469,0.16570864010072756,528491341.8965764,37677540.09019307,1.3212283547414412,0.09419385022548266,0.6458333333333334,0
144L_2018,Campus Point,20,1,E,4,Mud Leachate,10,1.5,3.5,2018-10-17T20:00:00Z,TRUE,TRUE,TRUE,TRUE,51.5,2.1458333333333335,860914431.989226,20.57350567532694,-0.053762920764309996,1,2,20.27014207041637,20.54034286029248,635639457.867743,832832300.7972469,0.6458333333333334,1.1458333333333333,0.5404015797522207,1.282652024958476,491875354.5995729,2.152286079973065,1.2296883864989323,2.1253949507174674,0.038029799700793974,0.6309998493075356,0.09322485027057685,1.1216121734605469,0.16570864010072756,528491341.8965764,37677540.09019307,1.3212283547414412,0.09419385022548266,0.6458333333333334,0
144L_2018,Campus Point,20,1,E,5,Mud Leachate,10,1.5,3.5,2018-10-18T08:00:00Z,FALSE,FALSE,TRUE,FALSE,63.5,2.6458333333333335,960415604.78444,20.682876670393075,0.10937099506613635,1,2,20.27014207041637,20.54034286029248,635639457.867743,832832300.7972469,0.6458333333333334,1.1458333333333333,0.5404015797522207,1.282652024958476,491875354.5995729,2.4010390119611,1.2296883864989323,2.3516494149246387,0.06984743796910557,0.6309998493075356,0.09322485027057685,1.1216121734605469,0.16570864010072756,528491341.8965764,37677540.09019307,1.3212283547414412,0.09419385022548266,0.6458333333333334,0
144L_2018,Campus Point,20,1,E,6,Mud Leachate,10,1.5,3.5,2018-10-18T20:00:00Z,FALSE,FALSE,TRUE,FALSE,75.5,3.1458333333333335,1078301779.4101999,20.798653214050514,0.11577654365743939,1,2,20.27014207041637,20.54034286029248,635639457.867743,832832300.7972469,0.6458333333333334,1.1458333333333333,0.5404015797522207,1.282652024958476,491875354.5995729,2.6957544485255,1.2296883864989323,2.5148493255324786,0.2558384784395034,0.6309998493075356,0.09322485027057685,1.1216121734605469,0.16570864010072756,528491341.8965764,37677540.09019307,1.3212283547414412,0.09419385022548266,0.6458333333333334,0
144L_2018,Campus Point,20,1,E,7,Mud Leachate,10,1.5,3.5,2018-10-19T08:00:00Z,FALSE,FALSE,TRUE,FALSE,87.5,3.6458333333333335,1037393337.04528,20.75997699711686,-0.03867621693365564,1,2,20.27014207041637,20.54034286029248,635639457.867743,832832300.7972469,0.6458333333333334,1.1458333333333333,0.5404015797522207,1.282652024958476,491875354.5995729,2.5934833426132,1.2296883864989323,2.52264597494698,0.10017916607637793,0.6309998493075356,0.09322485027057685,1.1216121734605469,0.16570864010072756,528491341.8965764,37677540.09019307,1.3212283547414412,0.09419385022548266,0.6458333333333334,0
144L_2018,Campus Point,20,1,E,8,Mud Leachate,10,1.5,3.5,2018-10-19T20:00:00Z,TRUE,TRUE,TRUE,TRUE,99.5,4.145833333333333,839206073.3960581,20.54796685214608,-0.21201014497077963,1,2,20.27014207041637,20.54034286029248,635639457.867743,832832300.7972469,0.6458333333333334,1.1458333333333333,0.5404015797522207,1.282652024958476,491875354.5995729,2.098015183490145,1.2296883864989323,2.103064843300375,0.007141297388997428,0.6309998493075356,0.09322485027057685,1.1216121734605469,0.16570864010072756,528491341.8965764,37677540.09019307,1.3212283547414412,0.09419385022548266,0.6458333333333334,0
144L_2018,Campus Point,20,1,F,0,Mud Leachate,10,1.5,3.5,2018-10-15T16:30:00Z,TRUE,TRUE,TRUE,TRUE,0,0,337723079.829377,19.63773682719982,0,1,2,20.260246225920664,20.62104528535209,629380289.594071,902830409.022957,0.6458333333333334,1.1458333333333333,0.7215981188628505,0.9605723219626177,565107329.1935799,0.8443076995734425,1.4127683229839498,0.8483500325338138,0.0057167220961848245,0.6309998493075356,0.09322485027057685,1.1216121734605469,0.16570864010072756,528491341.8965764,37677540.09019307,1.3212283547414412,0.09419385022548266,0.6458333333333334,0
144L_2018,Campus Point,20,1,F,1,Mud Leachate,10,1.5,3.5,2018-10-16T08:00:00Z,FALSE,FALSE,TRUE,FALSE,15.5,0.6458333333333334,629380289.594071,20.260246225920664,0.6225093987208439,1,2,20.260246225920664,20.62104528535209,629380289.594071,902830409.022957,0.6458333333333334,1.1458333333333333,0.7215981188628505,0.9605723219626177,565107329.1935799,1.5734507239851776,1.4127683229839498,1.5812746843272676,0.011064750827252898,0.6309998493075356,0.09322485027057685,1.1216121734605469,0.16570864010072756,528491341.8965764,37677540.09019307,1.3212283547414412,0.09419385022548266,0.6458333333333334,0
144L_2018,Campus Point,20,1,F,2,Mud Leachate,10,1.5,3.5,2018-10-16T20:00:00Z,FALSE,FALSE,TRUE,FALSE,27.5,1.1458333333333333,902830409.022957,20.62104528535209,0.3607990594314252,1,2,20.260246225920664,20.62104528535209,629380289.594071,902830409.022957,0.6458333333333334,1.1458333333333333,0.7215981188628505,0.9605723219626177,565107329.1935799,2.2570760225573925,1.4127683229839498,2.169578387275255,0.12374034249157348,0.6309998493075356,0.09322485027057685,1.1216121734605469,0.16570864010072756,528491341.8965764,37677540.09019307,1.3212283547414412,0.09419385022548266,0.6458333333333334,0
144L_2018,Campus Point,20,1,F,3,Mud Leachate,10,1.5,3.5,2018-10-17T08:00:00Z,FALSE,FALSE,TRUE,FALSE,39.5,1.6458333333333333,901296453.910141,20.6193447891021,-0.0017004962499882481,1,2,20.260246225920664,20.62104528535209,629380289.594071,902830409.022957,0.6458333333333334,1.1458333333333333,0.7215981188628505,0.9605723219626177,565107329.1935799,2.2532411347753527,1.4127683229839498,2.2622037207076326,0.012675010579364605,0.6309998493075356,0.09322485027057685,1.1216121734605469,0.16570864010072756,528491341.8965764,37677540.09019307,1.3212283547414412,0.09419385022548266,0.6458333333333334,0
144L_2018,Campus Point,20,1,F,4,Mud Leachate,10,1.5,3.5,2018-10-17T20:00:00Z,TRUE,TRUE,TRUE,TRUE,51.5,2.1458333333333335,839401528.584748,20.5481997299066,-0.0711450591955014,1,2,20.260246225920664,20.62104528535209,629380289.594071,902830409.022957,0.6458333333333334,1.1458333333333333,0.7215981188628505,0.9605723219626177,565107329.1935799,2.09850382146187,1.4127683229839498,2.1253949507174674,0.038029799700793974,0.6309998493075356,0.09322485027057685,1.1216121734605469,0.16570864010072756,528491341.8965764,37677540.09019307,1.3212283547414412,0.09419385022548266,0.6458333333333334,0
144L_2018,Campus Point,20,1,F,5,Mud Leachate,10,1.5,3.5,2018-10-18T08:00:00Z,FALSE,FALSE,TRUE,FALSE,63.5,2.6458333333333335,920903927.155271,20.640866275157766,0.09266654525116635,1,2,20.260246225920664,20.62104528535209,629380289.594071,902830409.022957,0.6458333333333334,1.1458333333333333,0.7215981188628505,0.9605723219626177,565107329.1935799,2.3022598178881775,1.4127683229839498,2.3516494149246387,0.06984743796910557,0.6309998493075356,0.09322485027057685,1.1216121734605469,0.16570864010072756,528491341.8965764,37677540.09019307,1.3212283547414412,0.09419385022548266,0.6458333333333334,0
144L_2018,Campus Point,20,1,F,6,Mud Leachate,10,1.5,3.5,2018-10-18T20:00:00Z,FALSE,FALSE,TRUE,FALSE,75.5,3.1458333333333335,933577681.015783,20.654534732283874,0.013668457126108535,1,2,20.260246225920664,20.62104528535209,629380289.594071,902830409.022957,0.6458333333333334,1.1458333333333333,0.7215981188628505,0.9605723219626177,565107329.1935799,2.3339442025394574,1.4127683229839498,2.5148493255324786,0.2558384784395034,0.6309998493075356,0.09322485027057685,1.1216121734605469,0.16570864010072756,528491341.8965764,37677540.09019307,1.3212283547414412,0.09419385022548266,0.6458333333333334,0
144L_2018,Campus Point,20,1,F,7,Mud Leachate,10,1.5,3.5,2018-10-19T08:00:00Z,FALSE,FALSE,TRUE,FALSE,87.5,3.6458333333333335,980723442.9123039,20.70380106434146,0.04926633205758435,1,2,20.260246225920664,20.62104528535209,629380289.594071,902830409.022957,0.6458333333333334,1.1458333333333333,0.7215981188628505,0.9605723219626177,565107329.1935799,2.4518086072807597,1.4127683229839498,2.52264597494698,0.10017916607637793,0.6309998493075356,0.09322485027057685,1.1216121734605469,0.16570864010072756,528491341.8965764,37677540.09019307,1.3212283547414412,0.09419385022548266,0.6458333333333334,0
144L_2018,Campus Point,20,1,F,8,Mud Leachate,10,1.5,3.5,2018-10-19T20:00:00Z,TRUE,TRUE,TRUE,TRUE,99.5,4.145833333333333,843245801.244242,20.552769052639846,-0.15103201170161284,1,2,20.260246225920664,20.62104528535209,629380289.594071,902830409.022957,0.6458333333333334,1.1458333333333333,0.7215981188628505,0.9605723219626177,565107329.1935799,2.1081145031106048,1.4127683229839498,2.103064843300375,0.007141297388997428,0.6309998493075356,0.09322485027057685,1.1216121734605469,0.16570864010072756,528491341.8965764,37677540.09019307,1.3212283547414412,0.09419385022548266,0.6458333333333334,0
144L_2018,Campus Point,20,1,G,0,Glucose_Nitrate_Phosphate,10,1.5,3.5,2018-10-15T16:30:00Z,TRUE,TRUE,TRUE,TRUE,0,0,328736079.347745,19.610765796370337,0,1,3,20.223046049776457,20.92306815643094,606397366.704028,1221161334.4965,0.6458333333333334,1.6458333333333333,0.7000221066544833,0.9901789871645706,892425255.1487551,0.8218401983693625,2.231063137871888,0.8517612269140951,0.04231472436811329,0.7296355195300831,0.030471950456437937,0.9515584795601161,0.039740174469896763,925927700.3562269,34473731.71137509,2.3148192508905674,0.08618432927843757,0.6458333333333334,0
144L_2018,Campus Point,20,1,G,1,Glucose_Nitrate_Phosphate,10,1.5,3.5,2018-10-16T08:00:00Z,FALSE,FALSE,TRUE,FALSE,15.5,0.6458333333333334,606397366.704028,20.223046049776457,0.6122802534061194,1,3,20.223046049776457,20.92306815643094,606397366.704028,1221161334.4965,0.6458333333333334,1.6458333333333333,0.7000221066544833,0.9901789871645706,892425255.1487551,1.5159934167600702,2.231063137871888,1.5256061988032965,0.013594526737667261,0.7296355195300831,0.030471950456437937,0.9515584795601161,0.039740174469896763,925927700.3562269,34473731.71137509,2.3148192508905674,0.08618432927843757,0.6458333333333334,0
144L_2018,Campus Point,20,1,G,2,Glucose_Nitrate_Phosphate,10,1.5,3.5,2018-10-16T20:00:00Z,FALSE,FALSE,TRUE,FALSE,27.5,1.1458333333333333,1373083297.78729,21.04032463034595,0.8172785805694929,1,3,20.223046049776457,20.92306815643094,606397366.704028,1221161334.4965,0.6458333333333334,1.6458333333333333,0.7000221066544833,0.9901789871645706,892425255.1487551,3.4327082444682255,2.231063137871888,3.4243677214735877,0.011795280736301485,0.7296355195300831,0.030471950456437937,0.9515584795601161,0.039740174469896763,925927700.3562269,34473731.71137509,2.3148192508905674,0.08618432927843757,0.6458333333333334,0
144L_2018,Campus Point,20,1,G,3,Glucose_Nitrate_Phosphate,10,1.5,3.5,2018-10-17T08:00:00Z,FALSE,FALSE,TRUE,FALSE,39.5,1.6458333333333333,1221161334.4965,20.92306815643094,-0.1172564739150097,1,3,20.223046049776457,20.92306815643094,606397366.704028,1221161334.4965,0.6458333333333334,1.6458333333333333,0.7000221066544833,0.9901789871645706,892425255.1487551,3.05290333624125,2.231063137871888,3.1665804778046622,0.16076375533078402,0.7296355195300831,0.030471950456437937,0.9515584795601161,0.039740174469896763,925927700.3562269,34473731.71137509,2.3148192508905674,0.08618432927843757,0.6458333333333334,0
144L_2018,Campus Point,20,1,G,4,Glucose_Nitrate_Phosphate,10,1.5,3.5,2018-10-17T20:00:00Z,TRUE,TRUE,TRUE,TRUE,51.5,2.1458333333333335,1359810737.24745,21.030611363221553,0.1075432067906128,1,3,20.223046049776457,20.92306815643094,606397366.704028,1221161334.4965,0.6458333333333334,1.6458333333333333,0.7000221066544833,0.9901789871645706,892425255.1487551,3.3995268431186254,2.231063137871888,3.7241826800081252,0.45913268763271803,0.7296355195300831,0.030471950456437937,0.9515584795601161,0.039740174469896763,925927700.3562269,34473731.71137509,2.3148192508905674,0.08618432927843757,0.6458333333333334,0
144L_2018,Campus Point,20,1,G,5,Glucose_Nitrate_Phosphate,10,1.5,3.5,2018-10-18T08:00:00Z,FALSE,FALSE,TRUE,FALSE,63.5,2.6458333333333335,1365703629.93268,21.03493561257342,0.004324249351867593,1,3,20.223046049776457,20.92306815643094,606397366.704028,1221161334.4965,0.6458333333333334,1.6458333333333333,0.7000221066544833,0.9901789871645706,892425255.1487551,3.4142590748317,2.231063137871888,3.6565898925939373,0.3427075290603191,0.7296355195300831,0.030471950456437937,0.9515584795601161,0.039740174469896763,925927700.3562269,34473731.71137509,2.3148192508905674,0.08618432927843757,0.6458333333333334,0
144L_2018,Campus Point,20,1,G,6,Glucose_Nitrate_Phosphate,10,1.5,3.5,2018-10-18T20:00:00Z,FALSE,FALSE,TRUE,FALSE,75.5,3.1458333333333335,1286004581.11447,20.974806025052903,-0.06012958752051745,1,3,20.223046049776457,20.92306815643094,606397366.704028,1221161334.4965,0.6458333333333334,1.6458333333333333,0.7000221066544833,0.9901789871645706,892425255.1487551,3.2150114527861753,2.231063137871888,3.4908121316214498,0.3900410605205517,0.7296355195300831,0.030471950456437937,0.9515584795601161,0.039740174469896763,925927700.3562269,34473731.71137509,2.3148192508905674,0.08618432927843757,0.6458333333333334,0
144L_2018,Campus Point,20,1,G,7,Glucose_Nitrate_Phosphate,10,1.5,3.5,2018-10-19T08:00:00Z,FALSE,FALSE,TRUE,FALSE,87.5,3.6458333333333335,950166570.4144369,20.67214786446743,-0.302658160585473,1,3,20.223046049776457,20.92306815643094,606397366.704028,1221161334.4965,0.6458333333333334,1.6458333333333333,0.7000221066544833,0.9901789871645706,892425255.1487551,2.3754164260360926,2.231063137871888,2.258384750124006,0.16550778330212526,0.7296355195300831,0.030471950456437937,0.9515584795601161,0.039740174469896763,925927700.3562269,34473731.71137509,2.3148192508905674,0.08618432927843757,0.6458333333333334,0
144L_2018,Campus Point,20,1,G,8,Glucose_Nitrate_Phosphate,10,1.5,3.5,2018-10-19T20:00:00Z,TRUE,TRUE,TRUE,TRUE,99.5,4.145833333333333,311668247.151305,19.557449869645698,-1.1146979948217322,1,3,20.223046049776457,20.92306815643094,606397366.704028,1221161334.4965,0.6458333333333334,1.6458333333333333,0.7000221066544833,0.9901789871645706,892425255.1487551,0.7791706178782626,2.231063137871888,0.6613013650512738,0.16669229593471083,0.7296355195300831,0.030471950456437937,0.9515584795601161,0.039740174469896763,925927700.3562269,34473731.71137509,2.3148192508905674,0.08618432927843757,0.6458333333333334,0
144L_2018,Campus Point,20,1,H,0,Glucose_Nitrate_Phosphate,10,1.5,3.5,2018-10-15T16:30:00Z,TRUE,TRUE,TRUE,TRUE,0,0,352672902.18353105,19.681051562607813,0,1,3,20.235648134468594,20.994897066874277,614087592.3386091,1312103047.7472298,0.6458333333333334,1.6458333333333333,0.7592489324056829,0.9129379719556615,959430145.5636988,0.8816822554588276,2.398575363909247,0.8517612269140951,0.04231472436811329,0.7296355195300831,0.030471950456437937,0.9515584795601161,0.039740174469896763,925927700.3562269,34473731.71137509,2.3148192508905674,0.08618432927843757,0.6458333333333334,0
144L_2018,Campus Point,20,1,H,1,Glucose_Nitrate_Phosphate,10,1.5,3.5,2018-10-16T08:00:00Z,FALSE,FALSE,TRUE,FALSE,15.5,0.6458333333333334,614087592.3386091,20.235648134468594,0.554596571860781,1,3,20.235648134468594,20.994897066874277,614087592.3386091,1312103047.7472298,0.6458333333333334,1.6458333333333333,0.7592489324056829,0.9129379719556615,959430145.5636988,1.5352189808465229,2.398575363909247,1.5256061988032965,0.013594526737667261,0.7296355195300831,0.030471950456437937,0.9515584795601161,0.039740174469896763,925927700.3562269,34473731.71137509,2.3148192508905674,0.08618432927843757,0.6458333333333334,0
144L_2018,Campus Point,20,1,H,2,Glucose_Nitrate_Phosphate,10,1.5,3.5,2018-10-16T20:00:00Z,FALSE,FALSE,TRUE,FALSE,27.5,1.1458333333333333,1366410879.3915799,21.035453343050882,0.7998052085822884,1,3,20.235648134468594,20.994897066874277,614087592.3386091,1312103047.7472298,0.6458333333333334,1.6458333333333333,0.7592489324056829,0.9129379719556615,959430145.5636988,3.41602719847895,2.398575363909247,3.4243677214735877,0.011795280736301485,0.7296355195300831,0.030471950456437937,0.9515584795601161,0.039740174469896763,925927700.3562269,34473731.71137509,2.3148192508905674,0.08618432927843757,0.6458333333333334,0
144L_2018,Campus Point,20,1,H,3,Glucose_Nitrate_Phosphate,10,1.5,3.5,2018-10-17T08:00:00Z,FALSE,FALSE,TRUE,FALSE,39.5,1.6458333333333333,1312103047.7472298,20.994897066874277,-0.04055627617660562,1,3,20.235648134468594,20.994897066874277,614087592.3386091,1312103047.7472298,0.6458333333333334,1.6458333333333333,0.7592489324056829,0.9129379719556615,959430145.5636988,3.280257619368075,2.398575363909247,3.1665804778046622,0.16076375533078402,0.7296355195300831,0.030471950456437937,0.9515584795601161,0.039740174469896763,925927700.3562269,34473731.71137509,2.3148192508905674,0.08618432927843757,0.6458333333333334,0
144L_2018,Campus Point,20,1,H,4,Glucose_Nitrate_Phosphate,10,1.5,3.5,2018-10-17T20:00:00Z,TRUE,TRUE,TRUE,TRUE,51.5,2.1458333333333335,1619535406.75905,21.205405159108544,0.21050809223426725,1,3,20.235648134468594,20.994897066874277,614087592.3386091,1312103047.7472298,0.6458333333333334,1.6458333333333333,0.7592489324056829,0.9129379719556615,959430145.5636988,4.048838516897625,2.398575363909247,3.7241826800081252,0.45913268763271803,0.7296355195300831,0.030471950456437937,0.9515584795601161,0.039740174469896763,925927700.3562269,34473731.71137509,2.3148192508905674,0.08618432927843757,0.6458333333333334,0
144L_2018,Campus Point,20,1,H,5,Glucose_Nitrate_Phosphate,10,1.5,3.5,2018-10-18T08:00:00Z,FALSE,FALSE,TRUE,FALSE,63.5,2.6458333333333335,1559568284.14247,21.167674878973703,-0.037730280134841365,1,3,20.235648134468594,20.994897066874277,614087592.3386091,1312103047.7472298,0.6458333333333334,1.6458333333333333,0.7592489324056829,0.9129379719556615,959430145.5636988,3.8989207103561747,2.398575363909247,3.6565898925939373,0.3427075290603191,0.7296355195300831,0.030471950456437937,0.9515584795601161,0.039740174469896763,925927700.3562269,34473731.71137509,2.3148192508905674,0.08618432927843757,0.6458333333333334,0
144L_2018,Campus Point,20,1,H,6,Glucose_Nitrate_Phosphate,10,1.5,3.5,2018-10-18T20:00:00Z,FALSE,FALSE,TRUE,FALSE,75.5,3.1458333333333335,1506645124.18269,21.13315124391139,-0.03452363506231393,1,3,20.235648134468594,20.994897066874277,614087592.3386091,1312103047.7472298,0.6458333333333334,1.6458333333333333,0.7592489324056829,0.9129379719556615,959430145.5636988,3.7666128104567247,2.398575363909247,3.4908121316214498,0.3900410605205517,0.7296355195300831,0.030471950456437937,0.9515584795601161,0.039740174469896763,925927700.3562269,34473731.71137509,2.3148192508905674,0.08618432927843757,0.6458333333333334,0
144L_2018,Campus Point,20,1,H,7,Glucose_Nitrate_Phosphate,10,1.5,3.5,2018-10-19T08:00:00Z,FALSE,FALSE,TRUE,FALSE,87.5,3.6458333333333335,856541229.684768,20.568413011971828,-0.5647382319395611,1,3,20.235648134468594,20.994897066874277,614087592.3386091,1312103047.7472298,0.6458333333333334,1.6458333333333333,0.7592489324056829,0.9129379719556615,959430145.5636988,2.14135307421192,2.398575363909247,2.258384750124006,0.16550778330212526,0.7296355195300831,0.030471950456437937,0.9515584795601161,0.039740174469896763,925927700.3562269,34473731.71137509,2.3148192508905674,0.08618432927843757,0.6458333333333334,0
144L_2018,Campus Point,20,1,H,8,Glucose_Nitrate_Phosphate,10,1.5,3.5,2018-10-19T20:00:00Z,TRUE,TRUE,TRUE,TRUE,99.5,4.145833333333333,217372844.889714,19.19712461633869,-1.3712883956331368,1,3,20.235648134468594,20.994897066874277,614087592.3386091,1312103047.7472298,0.6458333333333334,1.6458333333333333,0.7592489324056829,0.9129379719556615,959430145.5636988,0.543432112224285,2.398575363909247,0.6613013650512738,0.16669229593471083,0.7296355195300831,0.030471950456437937,0.9515584795601161,0.039740174469896763,925927700.3562269,34473731.71137509,2.3148192508905674,0.08618432927843757,0.6458333333333334,0
